2026.7,,,,
排序,图书id,商家名称,图书名称,访客数
1,1709,江西宇恒文化发展有限公司,26春初中期末抢分卷7年级下册（7科）,153
2,1788,武汉鑫南泓文化传媒有限公司,高效课堂.九年级数学.上册,121
3,1476,哈尔滨勤为径图书经销有限公司,千里马·单元测试卷·数学·七年级下册,75
4,1708,江西宇恒文化发展有限公司,26秋火辣英语8年级,73
5,1761,梁山金大文化传媒有限公司,创新大课堂 高三总复习 数学,72
6,907,江西宇恒文化发展有限公司,25秋 校本学案 七年级 数学 RJ版 上册,72
7,1545,江西宇恒文化发展有限公司,26秋 英语作业本 8年级英语人教通用上册,56
8,1798,山东鼎鑫书业有限公司,衔接教材一本通（初升高）数学,56
9,1762,梁山金大文化传媒有限公司,创新大课堂 高三总复习 思想政治,55
10,1706,江西宇恒文化发展有限公司,26秋火辣英语中考,55
排序,图书id,商家名称,图书名称,访客数
1,1709,江西宇恒文化发展有限公司,26春初中期末抢分卷7年级下册（7科）,2093
2,744,江西宇恒文化发展有限公司,学海风暴七年级英语RJ版下册,1895
3,740,江西宇恒文化发展有限公司,学海乐园英语三年级RJ版下册,1838
4,523,陕西灰犀牛图书策划有限公司,一战成名新中考·纯练版总复习·2025语文,1795
5,520,陕西灰犀牛图书策划有限公司,一战成名新中考·新方案·2025生物,1604
6,847,江西宇恒文化发展有限公司,25秋 校本学案 九年级 英语 RJ版 上册,1505
7,901,江苏凤凰电子音像出版社有限公司,初高中衔接课程 数学,1252
8,970,江西宇恒文化发展有限公司,25秋 校本学案 八年级 英语 RJ版 上册,1239
9,980,江西宇恒文化发展有限公司,25秋 校本学案 七年级 英语 RJ版 上册,1192
10,1392,江西宇恒文化发展有限公司,初中生地会考冲A超级考卷 生物学,1161
