周度日期,2026.8.14-2026.8.20,2025.8.14-2025.8.20,2026.8.7-2026.8.13,2025.8.7-2025.8.13,2026.7.31-2026.8.6,2025.7.31-2025.8.6,2026.7.24-2026.7.31,2025.7.24-2025.7.31,2026.7.17-2026.7.23,2025.7.17-2025.7.23,2026.7.10-2026.7.16,2025.7.10-2025.7.16,2026.7.3-2026.7.9,2025.7.3-2025.7.9,2026.6.26-2026.7.2,2025.6.26-2025.7.2,2026.6.19-2026.6.25,2025.6.19-2025.6.25,2026.6.12-2026.6.18,2025.6.12-2025.6.18,2026.6.5-2026.6.11,2025.6.5-2025.6.11,2026.5.29-2026.6.4,2025.5.29-2025.6.4,2026.5.22-2026.5.28,2025.5.22-2025.5.28,2026.5.15-2026.5.21,2025.5.15-2025.5.21,2026.5.8-2026.5.14,2025.5.8-2025.5.14,2026.5.1-2026.5.7,2025.5.1-2025.5.7,2026.4.24-2026.4.30,2025.4.24-2025.4.30,2026.4.17-2026.4.23,2025.4.17-2025.4.23,2026.4.10-2026.4.16,2025.4.10-2025.4.16,2026.4.3-2026.4.9,2025.4.3-2025.4.9,2026.3.27-2026.4.2,2025.3.27-2025.4.2,2026.3.20-2026.3.26,2025.3.20-2025.3.26,2026.3.13-2026.3.19,2025.3.13-2025.3.19,2026.3.6-2026.3.12,2025.3.6-2025.3.12,2026.2.27-2026.3.5,2025.2.27-2025.3.5,2026.2.20-2026.2.26,2025.2.20-2025.2.26,2026.2.13-2026.2.19,2025.2.13-2025.2.19,2026.2.6-2026.2.12,2025.2.6-2025.2.12,2026.1.30-2026.2.5,2025.1.30-2025.2.5,2026.1.23-2026.1.29,2025.1.23-2025.1.29,2026.1.16-2026.1.22,2025.1.16-2025.1.22,2026.1.9-2026.1.15,2025.1.9-2025.1.15,2026.1.2-2026.1.8,2025.1.2-2025.1.8
生产（发布资料）,16073,6465,15214,9757,12382,11691,6623,6644,5551,6414,8698,8836,4465,8096,4327,4969,4014,9226,7409,8222,12560,18998,20036,19537,13832,23761,17107,18443,16726,20447,10461,20288,15854,18423,19735,17872,30468,28181,27177,22274,25642,14268,27157,16255,22011,25406,20876,25324,15768,13638,18324,14889,9739,15388,16133,17580,14678,8462,13348,7442,15956,6240,13341,10061,8966,8688
征集（创建专辑）,459,488,438,458,447,488,314,772,309,398,248,510,189,448,258,400,228,591,308,452,327,697,434,718,509,676,360,692,738,749,386,375,669,655,552,717,796,422,682,585,677,678,795,671,718,723,530,876,730,700,849,734,513,546,1010,550,530,310,746,241,984,356,677,228,696,275
总消费,82930.80,104138.15,80524.37,106348.84,87830.55,118793.92,91350.31,119293.05,98895.23,128400.35,104578.89,150823.16,114754.42,155826.95,138474.31,177439.92,147148.22,228289.07,196558.52,260722.42,219702.4,277633.46,227954.47,255301.93,196571.16,244604.35,191196.19,233172.13,171867.38,218460.93,139549.01,172714.61,170406.64,187382.15,187200.35,195981.5,197113.23,206004.57,162980.94,178018.45,174221.14,176040.03,178292.07,181301.08,187171.57,197934.9,195526.57,200307.46,179331.77,204142.5,125645.1,218464.26,42907.65,204276.64,142387.38,164352.71,166528.39,95402.92,178695.38,75870.73,196307.55,175159.05,220706.93,186206.11,219800.76,221983.92
消费（C）,61160.90,80322.86,63224.58,82571.00,72936.26,94677.95,73675.98,100687.41,77893.53,105983.98,82311.52,124162.35,86932.36,123225.95,108269.93,140785.1,116141.15,187399.39,155371.87,211453.6,172330.86,226776.47,166193.68,202665.23,140619.91,186438.23,132955.75,178454.6,118330.4,161692.11,102264.54,137710.08,120017.64,138679.66,125725.85,146613.74,125334.82,153024.51,103688.25,133151.03,108538.56,129924.94,108180.36,135914.02,111940.34,149323.53,115015.78,149460.21,99225.92,143705.07,87794.18,157933.57,31981.87,143204.03,108610.53,127891.28,119119.62,77624.12,120969.49,64239.43,127635.51,145135.64,133251.44,151168.41,125976.14,181150.67
消费（储值）,41149.22,58144.78,42747.47,55667.04,49435.64,64246.6,50179.35,70941.97,52863.75,74646.97,56931.04,90384.52,59914.08,89060.32,72282.68,97777.08,76044.86,123458.01,102430.1,140608.36,114424.93,154149.65,111009.52,136233.4,94691.13,125278.94,90927.13,120908.24,78909.03,109703.6,66598.34,93748.72,79785.5,92041.79,82284.54,96935.28,81133.99,99792.36,69062.05,"87,316.30",71825.2,87206.38,71746.54,88647.21,74286.83,95805.76,76156.83,96804.15,64508.22,"94,281.65","57,187.29",102812.09,22734.11,93550.17,75190.5,81399.13,84442.1,51208.68,84640.92,41718.23,86126.49,98791.2,90274.58,98778.31,85858.46,117349.9
消费（现金）,20011.68,22178.08,20477.11,26903.96,23500.62,30431.35,23496.63,29745.44,25029.78,31337.01,25380.48,33777.83,27018.28,34165.63,35987.25,43008.02,40096.29,63941.38,52941.77,70845.24,57905.93,72626.82,55184.16,66431.83,45928.78,61159.29,42028.62,57546.36,39421.37,51988.51,35666.2,43961.36,40232.14,46637.87,43441.31,49678.46,44200.83,53232.15,34626.2,"45,834.73",36713.36,42718.56,36433.82,47266.81,37653.51,53517.77,38858.95,52656.06,34717.7,"49,423.42","30,606.89",55121.48,9247.76,49653.86,33420.03,46492.15,34677.52,26415.44,36328.57,22521.2,41509.02,46344.44,42976.86,52390.1,40117.68,63800.77
消费（B）,21769.90,23815.29,17299.79,23777.84,14894.29,24115.97,17674.33,18605.64,21001.7,22416.37,22267.37,26660.81,27822.06,32601,30204.38,36654.82,31007.07,40889.68,41186.65,49268.82,47371.54,50856.99,61760.79,52636.7,55951.25,58166.12,58240.44,54717.53,53536.98,56768.82,37284.47,35004.53,50389,48702.49,61474.5,49367.76,71778.41,52980.06,59292.69,44867.42,65682.58,46115.09,70111.71,45387.06,75231.23,48611.37,80510.79,50847.25,80105.85,60437.43,37850.92,60530.69,10925.78,61072.61,33776.85,36461.43,47408.77,17778.8,57725.89,11631.3,68672.04,30023.41,87455.49,35037.7,93824.62,40833.25
书城消费（仅教辅）,77496.10,91997.02,74582.20,95790.56,80049.38,105399.38,84874.11,108292.87,92442.44,118601.21,98287.32,138262.47,107946.93,141212.92,130425.06,164110.21,140521.12,212136,188678,242639.46,209912,260175.73,214970.17,236459.16,183123.05,224251.58,177092.45,212818.06,158634.3,197162.34,130083.32,160084.79,158258.24,173792.63,173159.65,178360.7,181783.3,187033.17,150402.64,163168.22,158537.61,163277.48,160807.37,166101.81,166837.99,181044.67,176402.78,182005.21,160780.8,185837.94,115747.58,199126.23,39954.95,182906.25,132255.51,152801.47,153904.49,89705.19,164094.79,69977.85,181182.65,162375.25,201476.68,169813.94,200752.28,204634.97
大盘消费,745190.24,910659.43,798742.42,946933.72,912437.94,1043500.97,976974.38,1086290.51,1040527.79,1178032.05,1081029.44,1275239.04,1191447.32,1297479.95,1292626.85,1383500.66,1310362.63,1573081.16,1537118.4,1726159.04,1622138.74,1871459.17,1628096.69,1810897.45,1516629.58,1750980.51,1475315.57,1691120.94,1294044.62,1640097.57,1246582.93,1371338.63,1493020.15,1471342.98,1483452.73,1603462.45,1451664.64,1667492.1,1239021.22,1478077.32,1253786.6,1466994.02,1235940.51,1428017.21,1276381.03,1459241.21,1315869.1,1452173.71,1228196.35,1431300.88,933779.02,1550372.9,336995.41,1476149.71,1252496.42,1308127.41,1440123.08,762261.4,1530744.52,685912.9,1616362.51,1532754.57,1644303.82,1600343.19,1475845.71,1844791.84
消费占比,11.13%,11.44%,10.08%,11.23%,9.63%,11.38%,9.35%,10.98%,9.50%,10.90%,9.67%,11.83%,9.63%,12.01%,10.71%,12.83%,11.23%,14.51%,12.79%,15.10%,13.54%,14.84%,14.00%,14.10%,12.96%,13.97%,12.96%,13.79%,13.28%,13.32%,11.19%,12.59%,11.41%,12.74%,12.62%,12.22%,13.58%,12.35%,13.15%,12.04%,13.90%,12.00%,14.43%,12.70%,14.66%,13.56%,14.86%,13.79%,14.60%,14.26%,13.46%,14.09%,12.73%,13.84%,11.37%,12.56%,11.56%,12.52%,11.67%,11.06%,12.15%,11.43%,13.42%,11.64%,14.89%,12.03%
总下载量,30989,50506,31683,51246,33637,58512,34925,59018,37955,66891,43031,82282,47450,90451,55560,104144,59606,128536,75792,146534,78525,155781,76693,129504,67970,131535,72024,117100,73372,111856,53548,82561,67228,95535,71594,90601,74238,96224,65301,82360,69316,88691,73371,90502,78785,96066,84899,94693,77390,97377,51366,108762,18166,102740,61894,76450,74746,43906,80838,35147,89980,89755,103040,98528,102355,128288
下载量（付费）,28469,34972,29262,36671,31558,41582,32847,43448,34907,47159,37910,56379,42424,58977,46972,65457,46794,73655,59992,82021,64710,87902,64156,77640,58609,77317,58880,73169,53639,69653,43253,55830,52823,59540,56723,60971,59949,65350,50871,56432,54065,57575,56743,58965,60011,63241,64401,63684,58833,64875,41802,69467,14673,64359,49950,51966,59327,30890,59833,24064,63710,59478,70269,59247,69785,68244
下载量（免费）,2520,15534,2421,14575,2079,16930,2078,15570,3048,19732,5121,25903,5026,31474,8588,38687,12812,54881,15800,64513,13815,67879,12537,51864,9361,54218,13144,43931,19733,42203,10295,26731,14405,35995,14871,29630,14289,30874,14430,25928,15251,31116,16628,31537,18774,32825,20498,31009,18557,32502,9564,39295,3493,38381,11944,24484,15419,13016,21005,11083,26270,30277,32771,39281,32570,60044
访客uv,690010,159302,845616,161760,542639,168256,464617,173171,411303,189216,321887,202610,327792,210623,381726,247968,291257,333741,299069,381380,300023,413226,291521,378345,475036,385144,388667,400085,280350,367748,433872,301828,661910,321519,418552,348799,387639,379006,352638,344505,351030,317898,338625,340194,374642,370574,318749,375730,344901,364185,254759,383755,142150,360910,276815,257122,300738,129635,353422,111738,383976,221618,440526,294837,469460,406205
登录访客uv,71945,95813,68484,97509,72300,102318,74637,104557,80083,113531,86723,123388,90694,125589,108040,142348,121961,186587,153823,217539,162948,235539,164761,224319,142780,227397,141580,244314,138723,0,0,0,0,0,0,0,0,0,0,0,0,0,0,0,0,0,0,0,0,0,0,0,0,0,0,0,0,0,0,0,0,0,0,0,0,0
总下载用户,13143,17640,13126,19621,14208,20904,14627,21204,15322,23729,16914,25666,17720,26840,21967,35236,26504,49858,34534,58191,35813,61361,34749,55706,31584,55356,32897,50745,31835,48109,25810,36857,30104,38884,33273,37715,34560,41446,29611,37287,31199,38030,32495,38505,33291,40391,34213,41243,28805,40763,19648,41591,7356,36287,24043,28844,27011,15366,31581,13458,37516,29254,43844,34526,43099,51080
下载用户（C）,9819,11297,10465,13556,11884,14925,12201,15426,12310,17064,12995,17911,13441,17990,15394,21896,17920,27508,22696,30994,24087,32769,22174,29821,20927,29241,21161,27821,17222,26748,16784,22376,18726,21354,19890,22513,20198,24746,16907,22389,17298,21904,17523,22621,18128,23527,18612,23719,14944,22827,12557,23408,5029,19942,16599,17627,17252,10183,17915,8892,19332,19422,21055,19531,19986,26353
下载用户（B储值卡）,1885,1857,1567,1820,1402,1687,1514,1477,1794,1715,1929,1916,2248,2249,2874,2758,3240,3577,4413,4333,4754,4456,6127,4825,5868,5366,5972,5194,6026,5295,3958,3459,5270,4506,6558,4565,7677,5126,6352,4673,7119,4627,7601,4552,7675,4662,7749,4911,7126,6119,3026,5892,870,5398,2635,2988,3788,1271,4883,959,6388,2186,8299,2878,8827,3589
下载用户（B免费）,1439,4486,1094,4245,922,4292,912,4301,1218,4950,1990,5839,2031,6601,3699,10582,5344,18773,7425,22864,6972,24136,6448,21060,4789,20749,5764,17730,8587,16066,5068,11022,6108,13024,6825,10637,6685,11574,6352,10225,6782,11499,7371,11332,7488,12202,7852,12613,6735,11817,4065,12291,1457,10947,4809,8229,5971,3912,8783,3607,11796,7646,14490,12117,14286,21138
小学,9247.73,14831.99,9143.46,14574.08,9679.16,,,,,,,,,,,,,,,,,,,,,,,,,,,,,,,,,,,,,,,,,,,,,,,,,,,,,,,,,,,,,
初中,27092.27,28482.57,27030.44,32460.56,29250.07,,,,,,,,,,,,,,,,,,,,,,,,,,,,,,,,,,,,,,,,,,,,,,,,,,,,,,,,,,,,,
高中,40783.30,47892.86,38050.60,47788.02,40826.45,,,,,,,,,,,,,,,,,,,,,,,,,,,,,,,,,,,,,,,,,,,,,,,,,,,,,,,,,,,,,
中职,370.80,618.90,308.00,806.20,269.20,,,,,,,,,,,,,,,,,,,,,,,,,,,,,,,,,,,,,,,,,,,,,,,,,,,,,,,,,,,,,
试卷,11224.15,13936.60,11894.77,14275.57,11804.20,,,,,,,,,,,,,,,,,,,,,,,,,,,,,,,,,,,,,,,,,,,,,,,,,,,,,,,,,,,,,
课件,23348.12,20587.65,19226.68,22191.52,19545.94,,,,,,,,,,,,,,,,,,,,,,,,,,,,,,,,,,,,,,,,,,,,,,,,,,,,,,,,,,,,,
作业,14293.15,25485.08,14656.44,22655.77,16238.79,,,,,,,,,,,,,,,,,,,,,,,,,,,,,,,,,,,,,,,,,,,,,,,,,,,,,,,,,,,,,
题集,11022.62,12067.42,11710.99,13571.68,13089.77,,,,,,,,,,,,,,,,,,,,,,,,,,,,,,,,,,,,,,,,,,,,,,,,,,,,,,,,,,,,,
教案,11033.78,10403.30,10136.48,13091.08,10319.10,,,,,,,,,,,,,,,,,,,,,,,,,,,,,,,,,,,,,,,,,,,,,,,,,,,,,,,,,,,,,
学案,6238.68,7955.48,6532.46,8857.04,8471.78,,,,,,,,,,,,,,,,,,,,,,,,,,,,,,,,,,,,,,,,,,,,,,,,,,,,,,,,,,,,,
备课包,177.60,489.20,204.60,582.40,182.20,,,,,,,,,,,,,,,,,,,,,,,,,,,,,,,,,,,,,,,,,,,,,,,,,,,,,,,,,,,,,
素材,34.40,661.70,82.00,263.90,55.70,,,,,,,,,,,,,,,,,,,,,,,,,,,,,,,,,,,,,,,,,,,,,,,,,,,,,,,,,,,,,
其他类型,121.60,239.89,88.08,139.90,317.40,,,,,,,,,,,,,,,,,,,,,,,,,,,,,,,,,,,,,,,,,,,,,,,,,,,,,,,,,,,,,
同步教学,50415.12,61256.69,49725.58,59843.27,51440.58,,,,,,,,,,,,,,,,,,,,,,,,,,,,,,,,,,,,,,,,,,,,,,,,,,,,,,,,,,,,,
高考复习,17130.92,19787.36,15140.30,23176.29,18331.12,,,,,,,,,,,,,,,,,,,,,,,,,,,,,,,,,,,,,,,,,,,,,,,,,,,,,,,,,,,,,
中考复习,5426.98,4881.74,4871.36,5400.48,5573.90,,,,,,,,,,,,,,,,,,,,,,,,,,,,,,,,,,,,,,,,,,,,,,,,,,,,,,,,,,,,,
寒暑假,2194.88,2777.40,2633.20,3884.60,2415.88,,,,,,,,,,,,,,,,,,,,,,,,,,,,,,,,,,,,,,,,,,,,,,,,,,,,,,,,,,,,,
小升初复习,947.40,1702.13,799.36,1429.10,722.20,,,,,,,,,,,,,,,,,,,,,,,,,,,,,,,,,,,,,,,,,,,,,,,,,,,,,,,,,,,,,
中职复习,256.60,126.80,238.80,95.00,155.00,,,,,,,,,,,,,,,,,,,,,,,,,,,,,,,,,,,,,,,,,,,,,,,,,,,,,,,,,,,,,
其他场景,34.00,178.10,72.80,143.50,66.00,,,,,,,,,,,,,,,,,,,,,,,,,,,,,,,,,,,,,,,,,,,,,,,,,,,,,,,,,,,,,
初升高衔接,483.70,672.60,458.10,1186.60,936.80,,,,,,,,,,,,,,,,,,,,,,,,,,,,,,,,,,,,,,,,,,,,,,,,,,,,,,,,,,,,,
小升初衔接,266.10,433.50,358.40,466.02,283.80,,,,,,,,,,,,,,,,,,,,,,,,,,,,,,,,,,,,,,,,,,,,,,,,,,,,,,,,,,,,,
竞赛,338.40,10.00,234.60,0,99.60,,,,,,,,,,,,,,,,,,,,,,,,,,,,,,,,,,,,,,,,,,,,,,,,,,,,,,,,,,,,,
初升中职衔接,0,0,0,4.00,0,,,,,,,,,,,,,,,,,,,,,,,,,,,,,,,,,,,,,,,,,,,,,,,,,,,,,,,,,,,,,
课后,0,0,0,0,0,,,,,,,,,,,,,,,,,,,,,,,,,,,,,,,,,,,,,,,,,,,,,,,,,,,,,,,,,,,,,
